Item_ID,Guna,Domain,Reverse_Scored,Original_GPI_Item,Current_Proxy_Question,Scale,Likert_Labels,Source_Reference
S1,Sattva,Lifestyle,No,"Fruits and vegetables are among my favorite foods","When given a choice at a buffet, how often do you naturally gravitate towards fresh fruits and salads over heavy or spicy dishes?",1-5,Never/Rarely/Sometimes/Often/Always,"Wolf (1998); Das (1999)"
S2,Sattva,Inner,No,"All living entities are essentially spiritual","When you look at an animal or another person, to what extent do you feel a deep, underlying connection or shared 'life force' with them?",1-5,Never/Rarely/Sometimes/Often/Always,"Wolf (1998); Das (1999)"
S3,Sattva,Social,No,"Respecting ones elders is very important","If an elderly family member gives you advice that contradicts your own plans, how likely are you to listen respectfully and seriously consider their perspective?",1-5,Never/Rarely/Sometimes/Often/Always,"Wolf (1998); Das (1999)"
S4,Sattva,Social,No,"When I speak, I really try not to irritate others","In everyday conversations, how much effort do you make to ensure your words don't irritate or hurt others?",1-5,Never/Rarely/Sometimes/Often/Always,"Wolf (1998); Das (1999)"
S5,Sattva,Lifestyle,No,"I am straightforward in my dealings with other people","If a cashier gives you extra money by mistake, how likely are you to immediately point out the error and return it?",1-5,Never/Rarely/Sometimes/Often/Always,"Wolf (1998); Das (1999)"
S6,Sattva,Academic,No,"I feel that my knowledge is always increasing","How much time per week do you spend voluntarily learning something new (reading, watching documentaries) just for the sake of understanding?",1-5,Never/Rarely/Sometimes/Often/Always,"Wolf (1998); Das (1999)"
S7,Sattva,Inner,No,"I take guidance from higher ethical and moral laws before I act","When facing a difficult decision where you could gain personally by bending the rules, how often do you stop to ask yourself 'Is this the right thing to do?'",1-5,Never/Rarely/Sometimes/Often/Always,"Wolf (1998); Das (1999)"
S8,Sattva,Inner,No,"Being truthful is extremely important","Imagine you made a mistake at work/school that no one else noticed. How likely are you to admit it voluntarily?",1-5,Never/Rarely/Sometimes/Often/Always,"Wolf (1998); Das (1999)"
S9,Sattva,Social,No,"I am very dutiful","If you promise to help a friend move house, but wake up feeling tired and lazy, how likely are you to go anyway simply because you gave your word?",1-5,Never/Rarely/Sometimes/Often/Always,"Wolf (1998); Das (1999)"
S10,Sattva,Inner,No,"In my life I usually experience deep happiness that is not dependent on anything external","Think about a time when you had nothing to do and no entertainment. How comfortable/happy were you just 'being' with yourself?",1-5,Never/Rarely/Sometimes/Often/Always,"Wolf (1998); Das (1999)"
S11,Sattva,Social,No,"Spiritually, all living entities are equal","How often do you treat the campus janitor/security guard with the exact same respect and patience as you do your Professor or Dean?",1-5,Never/Rarely/Sometimes/Often/Always,"Wolf (1998); Das (1999)"
S12,Sattva,Academic,No,"I carry out my responsibilities regardless of whether there is success or failure","If you are working on a project that looks like it will fail, do you continue to put in your best effort until the very end?",1-5,Never/Rarely/Sometimes/Often/Always,"Wolf (1998); Das (1999)"
S13,Sattva,Inner,No,"I take guidance from higher ethical and moral laws before I act","Before taking action, how often do you consult higher ethical or moral principles?",1-5,Never/Rarely/Sometimes/Often/Always,"Wolf (1998); Das (1999)"
S14,Sattva,Inner,Yes,"Self-realization is not important for me","How often do you feel that 'self-realization' or 'spiritual growth' is irrelevant to your real-life goals?",1-5,Never/Rarely/Sometimes/Often/Always,"Wolf (1998); Das (1999)"
R1,Rajas,Academic,No,"I am willing to break the rules to achieve my goals","If taking a shortcut (like skipping a queue or bending a regulation) would guarantee you a major win, how likely are you to take it?",1-5,Never/Rarely/Sometimes/Often/Always,"Wolf (1998); Das (1999)"
R2,Rajas,Social,No,"I have very little interest in spiritual understanding","If a friend invites you to a lecture on philosophy or spirituality, how likely are you to decline because you find it 'boring' or 'useless'?",1-5,Never/Rarely/Sometimes/Often/Always,"Wolf (1998); Das (1999)"
R3,Rajas,Academic,No,"In conducting my activities, I do not consider traditional wisdom","When solving a problem, how often do you dismiss traditional or old-fashioned approaches in favor of your own logic?",1-5,Never/Rarely/Sometimes/Often/Always,"Wolf (1998); Das (1999)"
R4,Rajas,Academic,No,"I become happy when I think about the material assets I possess","How often do you feel a rush of happiness or pride when you think about the possessions or assets you own?",1-5,Never/Rarely/Sometimes/Often/Always,"Wolf (1998); Das (1999)"
R5,Rajas,Social,No,"I greatly admire materially successful people","How often do you find yourself admiring or following rich influencers and celebrities rather than scientists or social workers?",1-5,Never/Rarely/Sometimes/Often/Always,"Wolf (1998); Das (1999)"
R6,Rajas,Lifestyle,No,"I believe life is over when the body dies","To what extent do you live your life with the assumption that this physical existence is the only reality that matters?",1-5,Never/Rarely/Sometimes/Often/Always,"Wolf (1998); Das (1999)"
R7,Rajas,Academic,No,"I become elated when things work out well for me","How often do you feel a surge of elation or excitement when things work out well for you?",1-5,Never/Rarely/Sometimes/Often/Always,"Wolf (1998); Das (1999)"
R8,Rajas,Lifestyle,No,"I enjoy foods with strong tastes","How much do you crave spicy, salty, or very rich foods (like fried snacks or heavy desserts) compared to plain, simple meals?",1-5,Never/Rarely/Sometimes/Often/Always,"Wolf (1998); Das (1999)"
R9,Rajas,Lifestyle,No,"Having possessions is very important to me","If you lost your phone or favorite watch today, how strongly would it affect your mood and sense of self-worth for the next week?",1-5,Never/Rarely/Sometimes/Often/Always,"Wolf (1998); Das (1999)"
R10,Rajas,Lifestyle,No,"I prefer city night life to a walk in the forest","On a free evening, how often do you choose loud social outings (parties, clubs) over quiet, solitary activities?",1-5,Never/Rarely/Sometimes/Often/Always,"Wolf (1998); Das (1999)"
R11,Rajas,Lifestyle,No,"For me, sex life is a major source of happiness","How often do you spend more than an hour a day thinking about or pursuing romantic/sexual gratification?",1-5,Never/Rarely/Sometimes/Often/Always,"Wolf (1998); Das (1999)"
R12,Rajas,Lifestyle,No,"I often feel greedy","When looking at a buffet or a sale, do you often take more than you actually need, just because it's available?",1-5,Never/Rarely/Sometimes/Often/Always,"Wolf (1998); Das (1999)"
R13,Rajas,Social,No,"When I give charity, I often do it grudgingly","If someone asks for a donation, do you feel annoyed or resentful, even if you eventually give a small amount?",1-5,Never/Rarely/Sometimes/Often/Always,"Wolf (1998); Das (1999)"
R14,Rajas,Lifestyle,No,"Regardless of what I acquire or achieve, I have an uncontrollable desire to obtain more","After buying something you really wanted, how quickly do you start wanting a better version of it?",1-5,Never/Rarely/Sometimes/Often/Always,"Wolf (1998); Das (1999)"
R15,Rajas,Lifestyle,Yes,"I never think about giving up my wealth and position for a simpler life","How often do you feel you could be genuinely happy living in a simple house without luxury items?",1-5,Never/Rarely/Sometimes/Often/Always,"Wolf (1998); Das (1999)"
R16,Rajas,Lifestyle,No,"The most important thing to know is how to increase enjoyment of physical pleasures","How frequently do you prioritize physical enjoyment (like food, comfort, or sex) over your other responsibilities?",1-5,Never/Rarely/Sometimes/Often/Always,"Wolf (1998); Das (1999)"
T1,Tamas,Social,No,"I often feel like a victim","When things go wrong in your life, how often do you feel that it was completely someone else's fault at 'the world is against you'?",1-5,Never/Rarely/Sometimes/Often/Always,"Wolf (1998); Das (1999)"
T2,Tamas,Lifestyle,No,"I often act without considering the consequences of my actions","How often do you act on impulse without stopping to think about the consequences?",1-5,Never/Rarely/Sometimes/Often/Always,"Wolf (1998); Das (1999)"
T3,Tamas,Inner,No,"I usually feel discontented with life","On a typical day, what percentage of the time do you feel a general sense of 'blah' or dissatisfaction for no specific reason?",1-5,Never/Rarely/Sometimes/Often/Always,"Wolf (1998); Das (1999)"
T4,Tamas,Social,No,"I often criticize and insult other people","In your head or with friends, how often do you find yourself making fun of or judging strangers/acquaintances?",1-5,Never/Rarely/Sometimes/Often/Always,"Wolf (1998); Das (1999)"
T5,Tamas,Lifestyle,No,"I often feel depressed","How often do you struggle to get out of bed because the day ahead feels pointless or too heavy?",1-5,Never/Rarely/Sometimes/Often/Always,"Wolf (1998); Das (1999)"
T6,Tamas,Academic,No,"I often put off or delay my responsibilities","How often do you put off important tasks until the last minute, even when you know it will stress you out?",1-5,Never/Rarely/Sometimes/Often/Always,"Wolf (1998); Das (1999)"
T7,Tamas,Academic,No,"I often feel helpless","When faced with a complex problem, how often do you freeze up and wait for someone else to solve it for you?",1-5,Never/Rarely/Sometimes/Often/Always,"Wolf (1998); Das (1999)"
T8,Tamas,Academic,No,"I am constantly dissatisfied with my position in life","Do you frequently look at your life and feel 'stuck' or like you are 'falling behind' everyone else?",1-5,Never/Rarely/Sometimes/Often/Always,"Wolf (1998); Das (1999)"
T9,Tamas,Academic,No,"When things are tough, I often bail out","If a gym workout or a study session gets difficult, how likely are you to quit early and tell yourself 'I'll do it tomorrow'?",1-5,Never/Rarely/Sometimes/Often/Always,"Wolf (1998); Das (1999)"
T10,Tamas,Inner,No,"I become greatly distressed when things don't work out for me","How often do you become greatly upset or distressed when things don't go according to plan?",1-5,Never/Rarely/Sometimes/Often/Always,"Wolf (1998); Das (1999)"
T11,Tamas,Social,No,"I am often angry","How many times a week do you feel a flash of rage (at traffic, people, or technology)?",1-5,Never/Rarely/Sometimes/Often/Always,"Wolf (1998); Das (1999)"
T12,Tamas,Academic,No,"I do not have strong determination","How many New Year's resolutions or self-improvement plans have you started and dropped within 2 weeks?",1-5,Never/Rarely/Sometimes/Often/Always,"Wolf (1998); Das (1999)"
T13,Tamas,Inner,No,"I often feel fearful","How often do you feel fearful or afraid, even when there is no immediate danger?",1-5,Never/Rarely/Sometimes/Often/Always,"Wolf (1998); Das (1999)"
T14,Tamas,Inner,No,"I often feel emotionally unbalanced","Do your moods swing wildly during the day (e.g., fine one minute, crying/angry the next)?",1-5,Never/Rarely/Sometimes/Often/Always,"Wolf (1998); Das (1999)"
T15,Tamas,Social,No,"I often get exploited in my relationships","Do you feel like you are always the one giving in relationships while others just take from you?",1-5,Never/Rarely/Sometimes/Often/Always,"Wolf (1998); Das (1999)"
T16,Tamas,Inner,No,"I often feel dejected","How often do you feel 'down in the dumps' or 'low energy' even when nothing bad has happened?",1-5,Never/Rarely/Sometimes/Often/Always,"Wolf (1998); Das (1999)"
T17,Tamas,Inner,No,"I often neglect my responsibilities to my family","Do you often 'forget' or avoid doing chores/errands that your family asked you to do?",1-5,Never/Rarely/Sometimes/Often/Always,"Wolf (1998); Das (1999)"
T18,Tamas,Social,No,"I often whine","When talking to friends, how often do you find yourself mostly complaining about your problems?",1-5,Never/Rarely/Sometimes/Often/Always,"Wolf (1998); Das (1999)"
T19,Tamas,Social,No,"I often envy others","How often do you feel envious of what others have or have achieved?",1-5,Never/Rarely/Sometimes/Often/Always,"Wolf (1998); Das (1999)"
T20,Tamas,Academic,No,"My job is a source of anxiety","How often does your work or studies feel like a major source of anxiety for you?",1-5,Never/Rarely/Sometimes/Often/Always,"Wolf (1998); Das (1999)"
T21,Tamas,Lifestyle,No,"I sometimes cheat people","If you could get away with not paying a bus fare or sneaking into a movie, would you do it?",1-5,Never/Rarely/Sometimes/Often/Always,"Wolf (1998); Das (1999)"
T22,Tamas,Lifestyle,No,"I don't have much will power","If there is a box of cookies in front of you and you decided not to eat one, how often do you end up giving in anyway?",1-5,Never/Rarely/Sometimes/Often/Always,"Wolf (1998); Das (1999)"
T23,Tamas,Lifestyle,No,"I prefer to live in the village rather than the city","How often do you find yourself wishing you could escape to a quiet village rather than living in the busy city?",1-5,Never/Rarely/Sometimes/Often/Always,"Wolf (1998); Das (1999)"
T24,Tamas,Lifestyle,No,"I am currently struggling with an addiction","How often do you feel controlled by a physical or psychological habit/addiction that you can't break?",1-5,Never/Rarely/Sometimes/Often/Always,"Wolf (1998); Das (1999)"
T25,Tamas,Inner,No,"I often feel mentally unbalanced","I often feel mentally unbalanced or chaotic inside",1-5,Never/Rarely/Sometimes/Often/Always,"Wolf (1998); Das (1999)"
T26,Tamas,Social,No,"I often neglect my responsibilities to my friends","I often neglect my responsibilities towards my friends",1-5,Never/Rarely/Sometimes/Often/Always,"Wolf (1998); Das (1999)"
T27,Tamas,Social,No,"I often act violently towards others","How often do you act aggressively or violently towards others?",1-5,Never/Rarely/Sometimes/Often/Always,"Wolf (1998); Das (1999)"
